{
  "timestamp": "2025-12-28T12:42:05+0000",
  "T_c2g": [
    [
      0.4876573935474695,
      -0.8516388817800918,
      0.192097583427911,
      -0.005095574474482355
    ],
    [
      0.09294527957089285,
      -0.1681389695032507,
      -0.9813717246486545,
      -0.06991401019110285
    ],
    [
      0.8680734079120138,
      0.49642774093994735,
      -0.002838397661219322,
      0.1333263871089495
    ],
    [
      0.0,
      0.0,
      0.0,
      1.0
    ]
  ],
  "axxb_residuals": {
    "rot_deg": [
      0.0170797882255447,
      0.10810763744810606,
      0.24520843276476278,
      0.015430016824806795,
      0.008651857059774223,
      0.11427533677921445,
      0.21697618245634406,
      0.4099367891503622,
      0.489258730524447,
      0.6369704715835759,
      0.02204786788962616,
      0.012955063430953961,
      0.017579101418335737,
      0.03840825976439654,
      0.020570506906550542,
      0.03415140469108672,
      0.028622324875488513,
      0.03574653486636094,
      0.12865822090692616,
      0.41218426584844253,
      0.24013035522989903,
      0.22248077360130591,
      0.012133560365691215,
      0.3176991349893921,
      0.41322877665688273,
      0.5289794627986507,
      0.1607908801794845,
      0.0414885522828893,
      0.07710109316809119,
      0.2921525231943778,
      0.2843816636490171,
      0.6916523865120767,
      0.6182939756272292,
      0.26499402792108506,
      0.21409140626802933,
      0.03625761523375568,
      0.06612440348741405,
      0.040421784562424526,
      0.06479553232905975,
      0.1310851780662562,
      0.0943827038898884,
      0.0446263691741321,
      0.029454904961614188,
      0.2045098035193547,
      0.14000558726719853,
      0.34828273150328376,
      0.7787707986786576,
      0.6872905725298089,
      0.05201376212505566,
      0.05282077020477036,
      0.0790050657203516,
      0.9284127500170876,
      1.2037124312604688,
      0.19235548848419914,
      0.04598606843040452,
      0.035631623992788325,
      0.07387480720601128,
      1.2138137901356805,
      1.112076657325845,
      0.0649452558738846,
      0.09211197101255174,
      0.052891467070933555,
      0.3956644142217612
    ],
    "trans_m": [
      0.00019642894887453261,
      0.00026549881277512766,
      0.0003534307339444473,
      0.00011579273587833706,
      0.00013558371256382602,
      0.00017743850074595702,
      0.0003179605119766496,
      0.0008755959527516097,
      0.0009112760711232732,
      0.0011228776042763752,
      0.00020168905284999019,
      0.00019917960872552565,
      0.0001772484932787534,
      9.101548834955213e-05,
      0.00015114867195995213,
      0.00012303619722653733,
      0.00010310015851140627,
      0.00011637195493305788,
      0.00013699179529032577,
      0.00016466666520607322,
      0.00020178350175480947,
      0.0001386147584221772,
      3.692740167053186e-05,
      0.0003834353967053212,
      0.0005246465254392439,
      0.0006964582602459588,
      0.0001969142891692007,
      8.04952357320414e-05,
      0.0001007098700806118,
      0.00012971828078942065,
      0.00010932736952985308,
      0.001362431699599851,
      0.0011988143656348324,
      0.00032645460055616887,
      0.00018839685676923847,
      0.00013965748408668085,
      0.00019251043362810642,
      0.00017051113959643316,
      4.672280524998553e-05,
      0.00020162931873899434,
      0.0001897271275642976,
      8.90742125972571e-05,
      0.00014846719257308045,
      0.0004536614217312013,
      0.00035788068871842705,
      0.0003145414811712301,
      0.0012788537129470687,
      0.0012919754055643138,
      0.0001248747219588962,
      0.00012150581288254773,
      0.0001799718431504356,
      0.0016008869474987133,
      0.0021138841181205046,
      0.0002951984770554421,
      0.0001324867856798035,
      8.786131618106663e-05,
      0.00012434042734285936,
      0.0020521585955602904,
      0.0020049542304399494,
      0.00011764991522624661,
      0.0001544870252267497,
      0.00010050194297616023,
      0.0007597257857508607
    ],
    "median_deg": 0.11427533677921445,
    "p95_deg": 0.9134485548832444,
    "median_m": 0.00018839685676923847,
    "p95_m": 0.0015770414227088267
  }
}