{
  "timestamp": "2025-10-16T05:52:12+0000",
  "T_c2g": [
    [
      -0.9326647976734304,
      0.3607307267845458,
      -0.0031173601448373778,
      -0.0922955788687404
    ],
    [
      0.3607393464208344,
      0.9326622445058248,
      -0.0028743029116817254,
      0.036525757663677265
    ],
    [
      0.0018705947312873394,
      -0.0038053156047828107,
      -0.9999910101838412,
      0.02248527601151122
    ],
    [
      0.0,
      0.0,
      0.0,
      1.0
    ]
  ],
  "axxb_residuals": {
    "rot_deg": [
      0.014410013500498517,
      0.04310524343281603,
      0.07304756927277371,
      0.04024936944982121,
      0.018286328837130078,
      0.015716901777465386,
      0.034766961095025715,
      0.0761770336910135,
      0.043573607746827316,
      0.06349457815937284,
      0.045847055035200854,
      0.02388570478193625,
      0.041018903426007794,
      0.00775806670537684,
      0.01707614927127681,
      0.0026062772785560013,
      0.027305468338936087,
      0.047290557064209336,
      0.04574598864569874,
      0.005955581341411769,
      0.07278611315015482,
      0.038497912701804235,
      0.05669329633938297,
      0.057870151734049,
      0.03647068529120863,
      0.03804954790587674,
      0.023832193596739246,
      0.05394266591491471,
      0.06870091605603393,
      0.03238780675459187,
      0.04231435799694396,
      0.017392431818872754,
      0.017724746153932616,
      0.08714163541881369,
      0.029340666295659627,
      0.05386071107880374,
      0.039153298599517786,
      0.052689036673336284,
      0.012792998016927912,
      0.0402487376361722,
      0.035652865169572515,
      0.0548420407900582,
      0.06736382542340076,
      0.036320035673859705,
      0.026175572853998737,
      0.04112090768126719,
      0.029274835636342426,
      0.06553683424114318,
      0.040907165763622626,
      0.061940179963900485,
      0.1574500586522504,
      0.08139879508442929,
      0.14576493864630694,
      0.09008092865902406,
      0.06640470409219541,
      0.12205224358539556,
      0.18594749461291915,
      0.17895880591911992,
      0.14687740805364694,
      0.07554051631656739,
      0.056696898503627816,
      0.1556750726117019,
      0.07402563851372011,
      0.14635067687457723,
      0.06891718589379392
    ],
    "trans_m": [
      6.629000434280891e-05,
      7.863786477643382e-05,
      0.00015337323257867257,
      0.00016720326892635681,
      7.469250031468911e-05,
      0.00012831925951468042,
      0.00012727092853914249,
      0.00019164809831441246,
      0.00013621182337731228,
      0.00016671993487959175,
      7.31181838868327e-05,
      6.585813692722281e-05,
      7.711033472202652e-05,
      8.19009458627498e-05,
      2.6081370552705565e-05,
      5.5558159103400565e-05,
      0.0001376251884331593,
      0.00013627560076340652,
      2.7495701996596568e-05,
      7.116509541170832e-05,
      4.905822962145214e-05,
      0.00014513044810341688,
      7.092579551303465e-05,
      0.00014706565703332617,
      3.963723843390232e-05,
      1.163103514445814e-05,
      7.830496866868333e-05,
      5.1132429751914594e-05,
      0.0001443602981646307,
      2.4260644121438985e-05,
      0.00010587191191350046,
      7.10035189651271e-05,
      7.832943606957207e-05,
      0.00017267237640916045,
      2.5408866311796206e-05,
      8.79474278168835e-05,
      4.6521011042204115e-05,
      9.68807672750523e-05,
      5.946661427766856e-05,
      2.4175133618745257e-05,
      4.695531797213597e-05,
      6.241590781124338e-05,
      5.982006445205163e-05,
      7.693634106586512e-05,
      6.12646364014712e-05,
      7.071488434366015e-05,
      1.5494494343647415e-05,
      0.0001522136423476088,
      7.309735673924335e-05,
      0.00016347524962614024,
      0.00027860506498542743,
      0.0001010911251624148,
      0.00026320189553264946,
      0.00017437887508121565,
      9.520458051220854e-05,
      0.0002517498876130688,
      0.00028675610101423673,
      0.00022774640753753136,
      0.0003118765670563741,
      0.00012130781458606021,
      0.00011108045655834324,
      0.00029838956557528895,
      0.00010505452772405517,
      0.00024695664799469805,
      0.0001377999992510904
    ],
    "median_deg": 0.04574598864569874,
    "p95_deg": 0.1539155397000909,
    "median_m": 8.79474278168835e-05,
    "p95_m": 0.0002755244310948718
  }
}