{
  "timestamp": "2025-12-31T07:55:59+0000",
  "T_c2g": [
    [
      0.4898643925370298,
      -0.8504181921607432,
      0.19189000851107513,
      -0.005337471913332864
    ],
    [
      0.09413441196191204,
      -0.16722428315353957,
      -0.981414668531284,
      -0.06960688891931435
    ],
    [
      0.8667015572900004,
      0.498823553539564,
      -0.00186360544368517,
      0.13391185248597925
    ],
    [
      0.0,
      0.0,
      0.0,
      1.0
    ]
  ],
  "axxb_residuals": {
    "rot_deg": [
      0.13318644464548607,
      0.1366820933879519,
      0.12952899309021718,
      0.13519573107283575,
      0.12733061048170427,
      0.13969876188103,
      0.04593078821142687,
      0.11685093219362977,
      0.09500566124363556,
      0.14013713858053198,
      0.036021804061663866,
      0.042569736361230355,
      0.07490669372066051,
      0.09966678988241397,
      0.04808441751706739,
      0.06217356921371645,
      0.13595137185548722,
      0.1465003972769091,
      0.28527802637425953,
      0.11288028615176068,
      0.016369903792792448,
      0.028880382255793344,
      0.012588065595041656,
      0.025380810972244303,
      0.021730452157154023,
      0.06161186450913848,
      0.015776730133150632,
      0.0176772174876893,
      0.02421569192190066,
      0.04430471542767675,
      0.016341089800171068,
      0.012593838268065576,
      0.024138282637209196,
      0.01540283546418829,
      0.03205546480436671,
      0.009402358936851193,
      0.0198179745784492,
      0.008116427289878287,
      0.012235100957266,
      0.013841465033536574,
      0.02053112345618809,
      0.025213298030853332,
      0.02550807816406643,
      0.10553591679093742,
      0.33225008374642817,
      0.09495573811999411,
      0.1370752818688783,
      0.050415006012132106,
      0.03591098243039126,
      0.01953556846679688,
      1.6050651631670116,
      1.5525358450431959,
      0.11199018564956222,
      0.0539553519524634,
      0.029160115206273388,
      0.029031573041510363,
      0.0357034351427886,
      0.08400946675370533,
      0.08102967801189823,
      0.051689327308344496,
      0.30475026061890165,
      0.4078625214663597,
      0.30078715729947797,
      0.21227975333077206,
      0.021524793325380362,
      0.131451736840431,
      0.11318606308922274,
      0.044920133459342544,
      0.0353683926587357,
      0.050701207578530534,
      0.10220072771677698,
      0.1270914367093739,
      0.04821461958976793,
      0.024499619369979953,
      0.04639393311322567,
      0.07038104823196133,
      0.03770159715953579,
      0.05185628503501849,
      0.03259262067651012,
      0.07234431910772007,
      0.0072475349892434605,
      0.04060017810659197,
      0.007486215674975378,
      0.02248992278020247,
      0.0071567646242026405,
      0.10605516360289956,
      0.022440674593307817,
      0.017071063964849562,
      0.007471453565043345,
      0.026434164771436213,
      0.01124305686549173,
      0.04418923060106948,
      0.014767688820040356,
      0.025378698479173893,
      0.017219333728038178,
      0.010190474287664439,
      0.020473569917584655,
      0.013496319771429018,
      0.026992915176690748,
      0.10448581583733646,
      0.011592118287901102,
      0.016804381719257088,
      0.013111160233751192,
      0.030191689168628237,
      0.1134797284448615,
      0.05877999919033805,
      0.02706565331639714,
      0.009071777425671005,
      0.027202302365596266,
      0.022283931825521155,
      0.14697008207642454,
      0.13051717958909823,
      0.0780455021172983,
      0.024108037458251963,
      0.008579566335592998,
      0.01515439219648478,
      0.007126360944907933,
      0.008568097357037762,
      0.02682577295407483,
      0.03581599703644781,
      0.019685386909667188,
      0.017952139391978254,
      0.01486238423406729,
      0.0394813774805634,
      0.02099622262360314,
      0.03570207624828772,
      0.01090840544459878,
      0.021226769326112147,
      0.014763261560128698,
      0.03509414860188999,
      0.048869229855819235,
      0.014500305056336418,
      0.046275963819004076,
      0.030815897131557773,
      0.053053044534009317,
      0.004362232872450959,
      0.02928790285952731,
      0.027845355380594405,
      0.06950108089757244,
      0.1398265384406351,
      0.08396792267771121,
      0.08155477725238197,
      0.23166076466230595,
      0.11140930531911476,
      0.16668530768713108,
      0.1245984277231001,
      0.029426819533055523,
      0.04641627725062059,
      0.02599911663727261,
      0.038949656041839524,
      0.027135141625906672,
      0.04506110465441823,
      0.04364475765410181,
      0.03253436000208874,
      0.05113236679662169,
      0.03509057928940833,
      0.02112475458460231,
      0.044234212362776734,
      0.035651889539831144,
      0.03417030307409062,
      0.030812288204586855,
      0.12535472391853908,
      0.025047411877309307,
      0.05537419374805547,
      0.08709434196628221,
      0.015987141172339306,
      0.029341869410144463,
      0.09326021023244294,
      0.019845732904019867,
      0.013171586868887437,
      0.033517573496162155,
      0.17564438223721457,
      0.04907650381962306,
      0.031029161035561668,
      0.19937207399932838,
      0.5419528261380057,
      0.06811059226088045,
      0.07334429325522393,
      0.056018848819428944,
      0.06434036831461733,
      0.0684400095325478,
      0.08935485831628603,
      0.08170844795620426,
      0.06602755436579326,
      0.0588571368634835,
      0.09461632960110332,
      0.06202171065398386,
      0.02979590800563438,
      0.06222816879804712,
      0.458805923037892,
      0.4382359000928833,
      0.3572366065912588,
      0.18198391118338114,
      0.017417360714649686,
      0.03704171795672299,
      0.026107557068989113,
      0.04260278381892729
    ],